Empresa,Website,Sector,Direccion,Telefono,Email,Empleados_Est,Google_Rating,Notas
Restaurante Botín,https://botin.es,Restaurante,Calle Cuchilleros 17 Madrid,+34913664217,reservas@botin.es,45,4.6,WordPress detectado - Restaurante más antiguo del mundo
Hotel Ritz Madrid,https://mandarinoriental.com/es/madrid/hotel-ritz,Hotel,Plaza de la Lealtad 5 Madrid,+34917016767,momad-reservations@mohg.com,150,4.8,CMS custom - Luxury chain
Clínica Dental Estetic,https://clinicadentalestetic.es,Clínica,Calle Velázquez 94 Madrid,+34915763421,info@clinicadentalestetic.es,18,4.7,WordPress - HTTPS activo
Despacho Garrigues,https://garrigues.com,Abogados,Calle Hermosilla 3 Madrid,+34914350200,madrid@garrigues.com,500,4.5,CMS custom - Firma internacional
Casa del Libro Gran Vía,https://casadellibro.com,Retail,Gran Vía 29 Madrid,+34915212219,tienda029@casadellibro.com,65,4.4,Shopify detectado
Gimnasio Metropolitan,https://clubmetropolitan.net,Gimnasio,Calle Orense 69 Madrid,+34917823030,contacto@clubmetropolitan.net,120,4.3,WordPress - Cadena gimnasios
Cervecería Alemana,https://lacerveceriaalemana.com,Restaurante,Plaza de Santa Ana 6 Madrid,+34914296033,reservas@lacerveceriaalemana.com,22,4.5,WordPress - Histórico Madrid
Hotel Villa Real,https://derbyhotels.com/hotel-villa-real-madrid,Hotel,Plaza de las Cortes 10 Madrid,+34914200767,villareal@derbyhotels.com,85,4.6,Drupal CMS
Óptica 2000 Goya,https://optica2000.es,Retail,Calle Goya 45 Madrid,+34915755123,goya@optica2000.es,12,4.4,Magento e-commerce
Peluquería Llongueras,https://llongueras.com,Peluquería,Calle Serrano 42 Madrid,+34914356780,serrano@llongueras.com,28,4.6,WordPress - Cadena nacional
Restaurante La Barraca,https://labarraca.es,Restaurante,Calle Reina 29 Madrid,+34915326502,info@labarraca.es,35,4.5,Custom PHP - Paella especialidad
Clínica Ruber Internacional,https://ruberinternacional.es,Clínica,Calle La Masó 38 Madrid,+34914572100,info@ruberinternacional.es,450,4.4,Drupal - Hospital privado
Hotel Only YOU Atocha,https://onlyyouhotels.com/atocha,Hotel,Paseo Infanta Isabel 13 Madrid,+34910580628,atocha@onlyyouhotels.com,95,4.7,Custom CMS - Boutique hotel
Joyería Suárez,https://joyeriasuarez.com,Retail,Calle Serrano 34 Madrid,+34915762323,info@joyeriasuarez.com,24,4.8,WooCommerce - Joyería lujo
Asesoría Fiscal Madrid,https://asesoriafiscalmadrid.com,Asesoría,Calle Alcalá 63 Madrid,+34915234567,contacto@asesoriafiscalmadrid.com,15,4.3,WordPress - Sin HTTPS
Restaurante Amazónico,https://amazonico.com,Restaurante,Calle Jorge Juan 20 Madrid,+34915195892,reservas@amazonico.com,55,4.6,Custom React - Alta cocina
CrossFit Chamberí,https://crossfitchamberi.com,Gimnasio,Calle Bravo Murillo 123 Madrid,+34914471234,info@crossfitchamberi.com,8,4.7,WordPress - Sin CSP
Hotel Círculo Gran Vía,https://circulogranvia.com,Hotel,Gran Vía 24 Madrid,+34915214700,reservas@circulogranvia.com,65,4.5,Laravel custom
Farmacia Central,https://farmaciacentral-madrid.es,Farmacia,Puerta del Sol 2 Madrid,+34915213456,info@farmaciacentral-madrid.es,10,4.4,PrestaShop
Clínica Fisioterapia Retiro,https://fisiomadretiro.com,Clínica,Calle O'Donnell 34 Madrid,+34914332211,citas@fisiomadretiro.com,12,4.8,WordPress - Certificado SSL expirado
Restaurante Sobrino de Botín,https://botin.es,Restaurante,Calle Cuchilleros 17 Madrid,+34913664217,info@botin.es,40,4.6,WordPress duplicado
Librería Types,https://types.es,Retail,Calle Mejía Lequerica 3 Madrid,+34915939511,info@types.es,8,4.5,Custom - Arquitectura
Hotel Emperador,https://hotelemperadormadrid.com,Hotel,Gran Vía 53 Madrid,+34915477800,recepcion@hotelemperadormadrid.com,110,4.4,WordPress - 4 estrellas
Centro Médico Ruber,https://ruber.es,Clínica,Calle Juan Bravo 39 Madrid,+34914017100,atencion@ruber.es,280,4.3,Drupal CMS
Restaurante DiverXO,https://diverxo.com,Restaurante,Calle Padre Damián 23 Madrid,+34915700766,reservas@diverxo.com,45,4.9,Custom Next.js - 3 estrellas Michelin
Despacho Uría Menéndez,https://uria.com,Abogados,Calle Príncipe de Vergara 187 Madrid,+34915860400,madrid@uria.com,650,4.6,Custom enterprise CMS
Gimnasio Holmes Place,https://holmesplace.com/es/madrid,Gimnasio,Calle Serrano 61 Madrid,+34915777700,madrid@holmesplace.com,85,4.2,React SPA - Premium gym
Restaurante Lakasa,https://lakasa.es,Restaurante,Plaza Descubridor Diego Ordás 1 Madrid,+34915333715,info@lakasa.es,28,4.7,WordPress - Cocina moderna
Óptica Universitaria,https://opticauniversitaria.es,Retail,Calle Montera 35 Madrid,+34915229845,montera@opticauniversitaria.es,15,4.3,Magento - Sin DMARC
Clínica Baviera Madrid,https://clinicabaviera.com,Clínica,Calle Castelló 12 Madrid,+34917819494,madrid@clinicabaviera.com,320,4.5,Custom CMS - Oftalmología
Hotel NH Collection Madrid Suecia,https://nh-hotels.com,Hotel,Calle Marqués de Casa Riera 4 Madrid,+34914571500,nhsuecia@nh-hotels.com,128,4.4,Enterprise CMS - Cadena NH
Peluquería Marco Aldany,https://marcoaldany.com,Peluquería,Calle Fuencarral 89 Madrid,+34915218976,fuencarral@marcoaldany.com,18,4.4,WordPress - Franquicia nacional
Restaurante Ten Con Ten,https://tenconten.es,Restaurante,Calle Ayala 6 Madrid,+34915755254,reservas@tenconten.es,32,4.6,Custom PHP - Cocina mediterránea
Joyería Carrera y Carrera,https://carreraycarrera.com,Retail,Calle Serrano 26 Madrid,+34915768121,info@carreraycarrera.com,35,4.7,Shopify Plus - Alta joyería
Asesoría Montero y Asociados,https://asesoriamontero.es,Asesoría,Calle Alcalá 456 Madrid,+34915432190,contacto@asesoriamontero.es,22,4.3,WordPress - Sin SPF
Restaurante La Terraza del Casino,https://casinodemadrid.es/restaurantes/la-terraza,Restaurante,Calle Alcalá 15 Madrid,+34915321275,laterraza@casinodemadrid.es,38,4.8,Drupal - 2 estrellas Michelin
CrossFit Madrid Centro,https://crossfitmadridcentro.com,Gimnasio,Calle Embajadores 45 Madrid,+34914678234,info@crossfitmadridcentro.com,10,4.6,WordPress - Missing X-Frame-Options
Hotel Palacio de los Duques,https://palaciodelosduques.com,Hotel,Cuesta de Santo Domingo 5 Madrid,+34914548800,info@palaciodelosduques.com,156,4.7,Custom Laravel - 5 estrellas GL
Farmacia Internacional,https://farmaciainternacional.net,Farmacia,Gran Vía 1 Madrid,+34915213344,info@farmaciainternacional.net,14,4.5,WooCommerce - 24/7
Clínica Menorca,https://clinicamenorca.com,Clínica,Calle Menorca 23 Madrid,+34914137130,info@clinicamenorca.com,45,4.6,WordPress - Medicina estética
Restaurante Coque,https://restaurantecoque.com,Restaurante,Calle Marqués de Riscal 11 Madrid,+34916041275,reservas@restaurantecoque.com,42,4.9,Custom Gatsby - 2 estrellas Michelin
Librería Antonio Machado,https://libreriaantoniomachado.com,Retail,Calle Fernando VI 17 Madrid,+34914415528,info@libreriaantoniomachado.com,8,4.7,PrestaShop - Libros usados
Hotel Único Madrid,https://unicohotelmadrid.com,Hotel,Calle Claudio Coello 67 Madrid,+34917810173,reservas@unicohotelmadrid.com,52,4.8,Custom CMS - Boutique luxury
Centro Médico ABC,https://centromedicoabc.com,Clínica,Calle Maldonado 61 Madrid,+34915770550,info@centromedicoabc.com,95,4.4,Joomla - Missing HSTS
Restaurante Ramón Freixa,https://ramonfreixamadrid.com,Restaurante,Calle Claudio Coello 67 Madrid,+34917817262,reservas@ramonfreixamadrid.com,28,4.8,Custom Vue.js - 2 estrellas Michelin
Despacho Cuatrecasas,https://cuatrecasas.com,Abogados,Paseo de la Castellana 50 Madrid,+34915244040,madrid@cuatrecasas.com,850,4.5,Enterprise CMS - Firma global
Gimnasio David Lloyd,https://davidlloyd.es/madrid,Gimnasio,Calle Serrano 63 Madrid,+34917817070,madrid@davidlloyd.es,145,4.3,React custom - Premium club
Restaurante Atrio,https://restauranteatrio.com,Restaurante,Calle Fuencarral 102 Madrid,+34915222021,madrid@restauranteatrio.com,35,4.7,WordPress - Alta cocina
Óptica Alain Afflelou,https://alainafflelou.es,Retail,Calle Alcalá 123 Madrid,+34915763344,alcala@alainafflelou.es,16,4.4,Magento - Cadena francesa
Clínica La Luz,https://clinicalalu z.es,Clínica,Calle Maestro Ángel Llorca 8 Madrid,+34914530200,info@clinicaluz.es,420,4.5,Drupal - Hospital materno
Hotel Villa Magna,https://rosewoodhotels.com/villa-magna-madrid,Hotel,Paseo de la Castellana 22 Madrid,+34915876539,madrid@rosewoodhotels.com,185,4.8,Enterprise CMS - 5 estrellas
Peluquería Cheska,https://pelucheska.com,Peluquería,Calle Lagasca 114 Madrid,+34915644477,info@pelucheska.com,12,4.6,WordPress - Alta peluquería
Restaurante Sacha,https://restaurantesacha.com,Restaurante,Calle Juan Hurtado de Mendoza 11 Madrid,+34914571952,reservas@restaurantesacha.com,24,4.7,Custom PHP - Cocina de autor
Joyería Tous,https://tous.com,Retail,Calle Serrano 45 Madrid,+34915764433,serrano@tous.com,28,4.6,Magento - Marca española
Asesoría Auren,https://auren.com,Asesoría,Calle Balmes 52 Madrid,+34914568900,madrid@auren.com,180,4.4,Drupal - Auditoría internacional
Restaurante El Club Allard,https://elcluballard.com,Restaurante,Calle Ferraz 2 Madrid,+34915594952,reservas@elcluballard.com,32,4.8,WordPress - 2 estrellas Michelin
CrossFit Salamanca,https://crossfitsalamanca.es,Gimnasio,Calle Velázquez 34 Madrid,+34915768899,info@crossfitsalamanca.es,9,4.7,WordPress - Missing CSP
Hotel Fenix Gran Meliá,https://melia.com,Hotel,Calle Hermosilla 2 Madrid,+34914318700,fenix@melia.com,215,4.6,Enterprise Sitecore - Gran Lujo
Farmacia Coliseum,https://farmaciacoliseum.es,Farmacia,Gran Vía 78 Madrid,+34915419123,info@farmaciacoliseum.es,11,4.5,PrestaShop - Missing CAA
Clínica Universidad Navarra,https://cun.es,Clínica,Calle Marquesado de Sta Marta 1 Madrid,+34917567800,infomadrid@cun.es,580,4.7,Custom enterprise - Hospital top
Restaurante Punto MX,https://puntomx.es,Restaurante,Calle General Pardiñas 40 Madrid,+34914024226,reservas@puntomx.es,26,4.8,WordPress - Primera estrella Michelin mexicana España
Librería Cervantes,https://libreriacervantes.com,Retail,Calle Atocha 87 Madrid,+34914292685,info@libreriacervantes.com,7,4.6,WooCommerce - Libros técnicos
Hotel Wellington,https://hotel-wellington.com,Hotel,Calle Velázquez 8 Madrid,+34915756400,recepcion@hotel-wellington.com,268,4.5,Custom CMS - Histórico 5*
Centro Médico Sanitas La Moraleja,https://sanitas.es,Clínica,Calle Alcalá 435 Madrid,+34915857700,info@sanitas.es,650,4.3,SharePoint - Cadena nacional
Restaurante Casa Lucio,https://casalucio.es,Restaurante,Calle Cava Baja 35 Madrid,+34913653252,reservas@casalucio.es,45,4.6,WordPress - Huevos estrellados famosos
Despacho Clifford Chance,https://cliffordchance.com,Abogados,Paseo de la Castellana 110 Madrid,+34915824040,madrid@cliffordchance.com,420,4.6,Enterprise CMS - Magic Circle
Gimnasio Víctor Ullate,https://victorullate.com,Gimnasio,Calle Larra 12 Madrid,+34914471890,info@victorullate.com,35,4.8,WordPress - Danza y ballet
Restaurante Kabuki Wellington,https://kabukiwellington.com,Restaurante,Calle Velázquez 6 Madrid,+34914292881,reservas@kabukiwellington.com,38,4.7,Custom - 1 estrella Michelin japonés
Óptica Soloptical,https://soloptical.es,Retail,Calle Gran Vía 56 Madrid,+34915478234,granvia@soloptical.es,14,4.4,Magento - Cadena nacional
Clínica Cemtro,https://cemtro.es,Clínica,Avenida Ventisquero de la Condesa 42 Madrid,+34917356200,info@cemtro.es,380,4.6,Drupal - Traumatología deportiva
Hotel Iberostar Las Letras,https://iberostar.com,Hotel,Gran Vía 11 Madrid,+34915238980,lasletras@iberostar.com,112,4.5,Enterprise CMS - Cadena Iberostar
Peluquería Rossano Ferretti,https://rossanoferretti.com,Peluquería,Calle José Ortega y Gasset 17 Madrid,+34915756677,madrid@rossanoferretti.com,22,4.9,Custom - Luxury hair spa
Restaurante Zalacaín,https://zalacain.eu,Restaurante,Calle Álvarez de Baena 4 Madrid,+34915614840,reservas@zalacain.eu,32,4.7,WordPress - Primera 3 estrellas Michelin España
Joyería Rabat,https://rabat.es,Retail,Calle Gran Vía 1 Madrid,+34915215855,info@rabat.es,55,4.7,Shopify Plus - Joyería centenaria
Asesoría Grant Thornton,https://grantthornton.es,Asesoría,Paseo de la Castellana 81 Madrid,+34914555200,madrid@es.gt.com,310,4.5,Drupal - Auditoría global
Restaurante Viridiana,https://viridiana.es,Restaurante,Calle Juan de Mena 14 Madrid,+34915234478,reservas@viridiana.es,18,4.6,Custom PHP - Cocina de mercado
CrossFit Arganzuela,https://crossfitarganzuela.com,Gimnasio,Paseo de las Acacias 34 Madrid,+34914732233,info@crossfitarganzuela.com,11,4.6,WordPress - Box oficial
Hotel Westin Palace,https://westinpalacemadrid.com,Hotel,Plaza de las Cortes 7 Madrid,+34913607767,palace@westin.com,467,4.7,Marriott enterprise CMS - Palace histórico
Farmacia Gran Vía,https://farmaciagrvia.com,Farmacia,Gran Vía 45 Madrid,+34915218877,info@farmaciagrvia.com,13,4.5,WooCommerce - Parafarmacia online
Clínica IMQ,https://imq.es,Clínica,Calle Serrano 199 Madrid,+34914570990,madrid@imq.es,145,4.4,SharePoint - Mutua médica
Restaurante Sandó,https://sando.es,Restaurante,Calle María de Molina 25 Madrid,+34913451013,reservas@sando.es,34,4.7,WordPress - Cocina vasca contemporánea
Librería La Central,https://lacentral.com,Retail,Calle Postigo de San Martín 8 Madrid,+34915217464,madrid@lacentral.com,18,4.6,Custom - Cadena catalana
Hotel Four Seasons,https://fourseasons.com/madrid,Hotel,Calle Sevilla 3 Madrid,+34912992828,madrid@fourseasons.com,195,4.9,Enterprise luxury CMS - 5* GL
